OrderN;OrderDate;Deadline;ClientID;ProductType;Material;Quantity;MaxDiameter;Length
1;04.01.2021;07.01.2021;CL4107;Axle;Stainless steel;2;20;327
2;04.01.2021;05.01.2021;CL4961;Shaft;Stainless steel;10;24;242
3;04.01.2021;08.01.2021;CL7569;Bushing;Bronze;4;51;107
4;04.01.2021;09.01.2021;CL7003;Shaft;Stainless steel;4;56;228
5;04.01.2021;09.01.2021;CL5241;Axle;Stainless steel;2;21;235
6;05.01.2021;09.01.2021;CL9692;Shaft;Stainless steel;9;58;500
7;05.01.2021;08.01.2021;CL1607;Bushing;Tool steel;7;34;130
8;05.01.2021;08.01.2021;CL6424;Axle;Stainless steel;10;20;458
9;05.01.2021;11.01.2021;CL4961;Axle;Stainless steel;5;17;480
10;06.01.2021;07.01.2021;CL9915;Shaft;Stainless steel;2;26;501
11;07.01.2021;14.01.2021;CL5241;Shaft;Tool steel;9;58;510
12;07.01.2021;14.01.2021;CL7440;Axle;Stainless steel;2;13;385
13;07.01.2021;14.01.2021;CL5781;Shaft;Tool steel;4;58;399
14;07.01.2021;08.01.2021;CL3891;Axle;Stainless steel;5;15;331
15;07.01.2021;11.01.2021;CL5313;Axle;Stainless steel;4;10;278
16;08.01.2021;10.01.2021;CL8267;Bushing;Tool steel;1;55;113
17;08.01.2021;10.01.2021;CL9623;Bushing;Bronze;9;51;105
18;09.01.2021;12.01.2021;CL1607;Bushing;Bronze;2;47;168
19;09.01.2021;10.01.2021;CL5098;Axle;Tool steel;1;30;294
20;09.01.2021;12.01.2021;CL9584;Bushing;Stainless steel;4;37;150
21;09.01.2021;10.01.2021;CL9584;Shaft;Stainless steel;4;29;402
22;09.01.2021;15.01.2021;CL5761;Bushing;Bronze;9;34;121
23;09.01.2021;14.01.2021;CL3891;Axle;Stainless steel;3;12;436
24;11.01.2021;15.01.2021;CL9761;Axle;Stainless steel;2;16;308
25;11.01.2021;18.01.2021;CL9584;Shaft;Tool steel;2;44;263
26;11.01.2021;18.01.2021;CL6037;Axle;Tool steel;3;17;214
27;12.01.2021;15.01.2021;CL5781;Axle;Stainless steel;2;16;468
28;12.01.2021;18.01.2021;CL6876;Shaft;Stainless steel;2;43;544
29;12.01.2021;13.01.2021;CL6433;Bushing;Bronze;5;21;105
30;13.01.2021;16.01.2021;CL5806;Axle;Stainless steel;2;21;245
31;13.01.2021;14.01.2021;CL4107;Axle;Stainless steel;5;28;366
32;14.01.2021;21.01.2021;CL1141;Bushing;Stainless steel;8;55;190
33;15.01.2021;19.01.2021;CL8267;Shaft;Tool steel;8;28;438
34;15.01.2021;21.01.2021;CL7656;Axle;Stainless steel;5;15;547
35;15.01.2021;20.01.2021;CL8267;Bushing;Stainless steel;2;53;157
36;15.01.2021;16.01.2021;CL3292;Bushing;Stainless steel;1;52;150
37;15.01.2021;18.01.2021;CL2879;Shaft;Stainless steel;8;48;285
38;16.01.2021;21.01.2021;CL3793;Axle;Tool steel;6;14;346
39;16.01.2021;19.01.2021;CL7656;Bushing;Stainless steel;7;24;112
40;16.01.2021;22.01.2021;CL7440;Shaft;Tool steel;10;42;219
41;16.01.2021;21.01.2021;CL2879;Shaft;Tool steel;10;21;375
42;16.01.2021;21.01.2021;CL8215;Bushing;Stainless steel;6;55;153
43;16.01.2021;18.01.2021;CL9517;Shaft;Stainless steel;3;18;523
44;16.01.2021;20.01.2021;CL8215;Axle;Stainless steel;3;18;391
45;17.01.2021;19.01.2021;CL4107;Shaft;Stainless steel;4;28;267
46;17.01.2021;22.01.2021;CL7676;Axle;Tool steel;8;11;234
47;17.01.2021;20.01.2021;CL1839;Shaft;Tool steel;1;28;355
48;18.01.2021;20.01.2021;CL5313;Bushing;Bronze;10;36;157
49;18.01.2021;25.01.2021;CL4431;Axle;Stainless steel;7;14;421
50;19.01.2021;23.01.2021;CL3707;Shaft;Stainless steel;2;37;536
51;19.01.2021;24.01.2021;CL3605;Axle;Tool steel;7;17;237
52;20.01.2021;25.01.2021;CL9761;Bushing;Tool steel;3;36;101
53;20.01.2021;25.01.2021;CL9623;Axle;Stainless steel;3;26;292
54;21.01.2021;23.01.2021;CL2300;Shaft;Tool steel;7;40;351
55;21.01.2021;25.01.2021;CL7772;Shaft;Stainless steel;6;19;322
56;21.01.2021;24.01.2021;CL7530;Bushing;Tool steel;1;23;159
57;22.01.2021;23.01.2021;CL5806;Shaft;Stainless steel;4;19;518
58;22.01.2021;24.01.2021;CL9517;Axle;Tool steel;10;24;371
59;22.01.2021;24.01.2021;CL7530;Bushing;Stainless steel;9;31;192
60;23.01.2021;28.01.2021;CL6424;Axle;Tool steel;8;23;249
61;23.01.2021;26.01.2021;CL5155;Shaft;Tool steel;7;35;514
62;24.01.2021;31.01.2021;CL1141;Axle;Tool steel;4;14;237
63;25.01.2021;30.01.2021;CL3707;Bushing;Bronze;8;47;164
64;25.01.2021;01.02.2021;CL9584;Axle;Tool steel;9;29;373
65;25.01.2021;27.01.2021;CL3707;Bushing;Tool steel;7;22;157
66;25.01.2021;29.01.2021;CL5806;Bushing;Tool steel;9;38;115
67;26.01.2021;28.01.2021;CL5098;Shaft;Tool steel;10;36;519
68;27.01.2021;03.02.2021;CL1334;Shaft;Tool steel;7;40;212
69;28.01.2021;31.01.2021;CL3707;Axle;Stainless steel;7;15;548
70;29.01.2021;05.02.2021;CL3707;Bushing;Tool steel;6;26;159
71;29.01.2021;04.02.2021;CL6424;Axle;Tool steel;10;20;203
72;29.01.2021;04.02.2021;CL5042;Shaft;Stainless steel;8;46;406
73;29.01.2021;31.01.2021;CL3718;Shaft;Stainless steel;3;38;409
74;29.01.2021;30.01.2021;CL1839;Axle;Tool steel;3;23;515
75;30.01.2021;05.02.2021;CL3793;Axle;Tool steel;6;20;399
76;30.01.2021;01.02.2021;CL7922;Shaft;Stainless steel;6;47;386
77;30.01.2021;03.02.2021;CL5155;Bushing;Stainless steel;3;31;167
78;31.01.2021;03.02.2021;CL5042;Shaft;Tool steel;10;19;402
79;31.01.2021;05.02.2021;CL7656;Shaft;Stainless steel;10;44;358
80;31.01.2021;07.02.2021;CL6037;Bushing;Bronze;2;36;124
81;01.02.2021;04.02.2021;CL3605;Axle;Tool steel;6;27;471
82;01.02.2021;07.02.2021;CL8005;Bushing;Bronze;3;43;120
83;01.02.2021;07.02.2021;CL7191;Shaft;Tool steel;3;56;545
84;01.02.2021;06.02.2021;CL6433;Axle;Stainless steel;4;26;462
85;01.02.2021;02.02.2021;CL3292;Shaft;Tool steel;2;33;519
86;02.02.2021;04.02.2021;CL9584;Bushing;Bronze;5;22;182
87;02.02.2021;09.02.2021;CL9584;Bushing;Bronze;8;48;115
88;02.02.2021;07.02.2021;CL3605;Bushing;Tool steel;8;49;116
89;03.02.2021;10.02.2021;CL3605;Shaft;Tool steel;10;31;448
90;03.02.2021;06.02.2021;CL1334;Shaft;Tool steel;4;37;343
91;03.02.2021;04.02.2021;CL3605;Shaft;Tool steel;9;28;244
92;04.02.2021;11.02.2021;CL1839;Shaft;Tool steel;6;56;259
93;04.02.2021;10.02.2021;CL5761;Axle;Tool steel;8;14;292
94;05.02.2021;10.02.2021;CL6433;Bushing;Stainless steel;2;21;118
95;05.02.2021;06.02.2021;CL9345;Shaft;Tool steel;10;27;488
96;05.02.2021;11.02.2021;CL5974;Shaft;Tool steel;10;35;284
97;05.02.2021;10.02.2021;CL1607;Shaft;Tool steel;7;21;274
98;07.02.2021;14.02.2021;CL5155;Axle;Tool steel;5;12;501
99;07.02.2021;11.02.2021;CL3793;Axle;Tool steel;8;11;525
100;08.02.2021;14.02.2021;CL3822;Shaft;Stainless steel;4;52;535
101;08.02.2021;15.02.2021;CL9584;Bushing;Bronze;7;33;192
102;09.02.2021;10.02.2021;CL7191;Shaft;Tool steel;4;51;494
103;09.02.2021;14.02.2021;CL5781;Shaft;Stainless steel;3;28;372
104;09.02.2021;10.02.2021;CL1357;Shaft;Stainless steel;8;33;340
105;09.02.2021;12.02.2021;CL9517;Bushing;Tool steel;10;40;125
106;09.02.2021;10.02.2021;CL5575;Bushing;Tool steel;4;27;109
107;10.02.2021;16.02.2021;CL5575;Axle;Tool steel;9;12;356
108;10.02.2021;13.02.2021;CL3292;Bushing;Bronze;5;36;187
109;11.02.2021;16.02.2021;CL9915;Bushing;Tool steel;4;52;139
110;11.02.2021;14.02.2021;CL7656;Shaft;Tool steel;2;54;571
111;11.02.2021;16.02.2021;CL1357;Shaft;Tool steel;2;54;544
112;12.02.2021;13.02.2021;CL1607;Shaft;Stainless steel;2;21;539
113;12.02.2021;15.02.2021;CL9623;Shaft;Tool steel;1;33;317
114;12.02.2021;14.02.2021;CL6424;Shaft;Tool steel;10;44;427
115;13.02.2021;15.02.2021;CL9692;Axle;Tool steel;4;19;562
116;13.02.2021;17.02.2021;CL7772;Axle;Stainless steel;10;21;272
117;15.02.2021;18.02.2021;CL8267;Bushing;Tool steel;7;22;116
118;15.02.2021;16.02.2021;CL5241;Shaft;Tool steel;2;28;449
119;16.02.2021;23.02.2021;CL8005;Bushing;Stainless steel;7;32;156
120;16.02.2021;21.02.2021;CL4107;Bushing;Stainless steel;5;37;168
121;17.02.2021;24.02.2021;CL7003;Bushing;Stainless steel;4;20;106
122;19.02.2021;20.02.2021;CL4431;Shaft;Tool steel;9;20;391
123;19.02.2021;24.02.2021;CL1334;Axle;Tool steel;4;20;362
124;19.02.2021;21.02.2021;CL1839;Axle;Tool steel;5;15;500
125;20.02.2021;21.02.2021;CL7922;Shaft;Tool steel;7;54;327
126;20.02.2021;22.02.2021;CL9915;Bushing;Tool steel;9;29;195
127;21.02.2021;24.02.2021;CL5098;Bushing;Tool steel;2;30;173
128;23.02.2021;25.02.2021;CL4983;Shaft;Tool steel;7;40;226
129;23.02.2021;24.02.2021;CL5781;Bushing;Bronze;6;54;195
130;23.02.2021;02.03.2021;CL8267;Bushing;Tool steel;5;37;199
131;23.02.2021;27.02.2021;CL8215;Shaft;Tool steel;1;35;209
132;23.02.2021;01.03.2021;CL4983;Axle;Tool steel;3;24;551
133;23.02.2021;01.03.2021;CL4431;Shaft;Stainless steel;7;47;207
134;24.02.2021;03.03.2021;CL9915;Axle;Tool steel;6;19;244
135;24.02.2021;28.02.2021;CL1141;Shaft;Stainless steel;4;49;293
136;25.02.2021;26.02.2021;CL6433;Bushing;Bronze;6;51;110
137;25.02.2021;04.03.2021;CL8005;Bushing;Tool steel;2;22;113
138;25.02.2021;04.03.2021;CL3822;Axle;Stainless steel;5;10;260
139;26.02.2021;03.03.2021;CL7003;Shaft;Tool steel;6;15;232
140;26.02.2021;02.03.2021;CL1357;Bushing;Bronze;10;52;108
141;26.02.2021;04.03.2021;CL9692;Shaft;Tool steel;5;18;433
142;28.02.2021;02.03.2021;CL9692;Shaft;Tool steel;9;48;333
143;28.02.2021;02.03.2021;CL7453;Shaft;Tool steel;7;29;421
144;01.03.2021;03.03.2021;CL5761;Bushing;Stainless steel;3;42;182
145;01.03.2021;07.03.2021;CL5575;Axle;Stainless steel;6;19;505
146;01.03.2021;02.03.2021;CL2300;Axle;Tool steel;2;13;375
147;02.03.2021;04.03.2021;CL1839;Axle;Tool steel;6;21;353
148;02.03.2021;09.03.2021;CL7433;Shaft;Tool steel;3;19;413
149;03.03.2021;08.03.2021;CL6037;Bushing;Stainless steel;2;51;110
150;03.03.2021;10.03.2021;CL4983;Bushing;Tool steel;6;27;138
151;03.03.2021;08.03.2021;CL1357;Bushing;Stainless steel;8;55;152
152;03.03.2021;05.03.2021;CL5042;Shaft;Tool steel;5;17;348
153;03.03.2021;09.03.2021;CL1607;Axle;Tool steel;3;18;495
154;03.03.2021;05.03.2021;CL5241;Bushing;Stainless steel;3;30;173
155;03.03.2021;09.03.2021;CL8005;Shaft;Stainless steel;8;40;452
156;04.03.2021;11.03.2021;CL5806;Shaft;Stainless steel;10;18;441
157;05.03.2021;12.03.2021;CL7003;Shaft;Tool steel;4;24;524
158;05.03.2021;10.03.2021;CL9411;Axle;Tool steel;4;13;293
159;06.03.2021;08.03.2021;CL1607;Bushing;Bronze;5;28;117
160;06.03.2021;13.03.2021;CL8005;Shaft;Stainless steel;10;46;220
161;07.03.2021;13.03.2021;CL5575;Axle;Stainless steel;5;27;327
162;07.03.2021;12.03.2021;CL7191;Bushing;Stainless steel;9;21;150
163;07.03.2021;11.03.2021;CL7676;Axle;Stainless steel;4;26;505
164;07.03.2021;08.03.2021;CL1334;Shaft;Tool steel;3;18;370
165;08.03.2021;13.03.2021;CL6433;Shaft;Stainless steel;4;57;295
166;09.03.2021;11.03.2021;CL8215;Bushing;Bronze;2;24;129
167;09.03.2021;11.03.2021;CL9623;Bushing;Bronze;3;24;105
168;09.03.2021;16.03.2021;CL4107;Axle;Tool steel;1;25;202
169;10.03.2021;12.03.2021;CL5042;Axle;Tool steel;9;29;477
170;10.03.2021;14.03.2021;CL7569;Shaft;Tool steel;7;18;471
171;10.03.2021;17.03.2021;CL6876;Bushing;Tool steel;8;27;185
172;11.03.2021;12.03.2021;CL4961;Bushing;Stainless steel;6;34;108
173;11.03.2021;16.03.2021;CL5806;Bushing;Stainless steel;10;34;132
174;11.03.2021;13.03.2021;CL9915;Bushing;Stainless steel;6;27;146
175;11.03.2021;14.03.2021;CL2879;Axle;Stainless steel;7;17;553
176;12.03.2021;16.03.2021;CL5313;Shaft;Stainless steel;5;27;247
177;13.03.2021;17.03.2021;CL8005;Bushing;Bronze;10;53;161
178;13.03.2021;15.03.2021;CL3292;Axle;Tool steel;3;12;426
179;13.03.2021;17.03.2021;CL6433;Shaft;Stainless steel;9;58;422
180;14.03.2021;20.03.2021;CL7569;Axle;Stainless steel;5;21;553
181;15.03.2021;22.03.2021;CL9623;Axle;Tool steel;4;24;478
182;15.03.2021;18.03.2021;CL4961;Shaft;Tool steel;1;42;542
183;15.03.2021;18.03.2021;CL4983;Bushing;Bronze;9;34;158
184;15.03.2021;16.03.2021;CL5781;Axle;Tool steel;6;29;580
185;16.03.2021;20.03.2021;CL8215;Shaft;Tool steel;10;48;543
186;16.03.2021;19.03.2021;CL6037;Axle;Stainless steel;4;10;428
187;16.03.2021;22.03.2021;CL3707;Axle;Tool steel;3;11;360
188;16.03.2021;17.03.2021;CL5761;Shaft;Stainless steel;9;36;233
189;17.03.2021;23.03.2021;CL3793;Bushing;Bronze;2;21;151
190;17.03.2021;18.03.2021;CL7772;Bushing;Bronze;8;24;147
191;18.03.2021;20.03.2021;CL8005;Bushing;Tool steel;9;49;120
192;18.03.2021;21.03.2021;CL7003;Bushing;Stainless steel;8;47;145
193;18.03.2021;21.03.2021;CL5313;Shaft;Tool steel;5;16;380
194;18.03.2021;25.03.2021;CL5313;Axle;Tool steel;7;15;477
195;18.03.2021;24.03.2021;CL8104;Shaft;Tool steel;7;18;434
196;19.03.2021;21.03.2021;CL3605;Axle;Stainless steel;1;30;477
197;19.03.2021;23.03.2021;CL4107;Axle;Stainless steel;10;29;390
198;19.03.2021;21.03.2021;CL9517;Bushing;Tool steel;4;35;124
199;19.03.2021;26.03.2021;CL7003;Axle;Stainless steel;3;27;572
200;20.03.2021;27.03.2021;CL9345;Axle;Stainless steel;5;16;360
201;20.03.2021;27.03.2021;CL1839;Bushing;Bronze;9;31;173
202;20.03.2021;25.03.2021;CL7433;Axle;Stainless steel;9;17;571
203;20.03.2021;22.03.2021;CL7656;Axle;Stainless steel;7;17;301
204;21.03.2021;27.03.2021;CL9915;Axle;Stainless steel;9;20;524
205;22.03.2021;27.03.2021;CL4983;Bushing;Bronze;7;48;138
206;22.03.2021;24.03.2021;CL8267;Bushing;Bronze;6;41;114
207;22.03.2021;29.03.2021;CL9517;Bushing;Stainless steel;9;31;165
208;22.03.2021;23.03.2021;CL7772;Axle;Stainless steel;3;12;200
209;22.03.2021;27.03.2021;CL7656;Axle;Tool steel;8;25;453
210;23.03.2021;27.03.2021;CL7440;Axle;Tool steel;6;12;347
211;23.03.2021;30.03.2021;CL4431;Bushing;Tool steel;2;37;172
212;24.03.2021;25.03.2021;CL5155;Axle;Tool steel;2;28;308
213;24.03.2021;27.03.2021;CL7530;Shaft;Tool steel;7;39;442
214;24.03.2021;31.03.2021;CL9345;Shaft;Tool steel;3;46;211
215;25.03.2021;28.03.2021;CL6433;Bushing;Stainless steel;5;40;106
216;25.03.2021;28.03.2021;CL1141;Bushing;Bronze;2;20;179
217;25.03.2021;31.03.2021;CL5781;Bushing;Tool steel;7;39;168
218;26.03.2021;28.03.2021;CL9761;Shaft;Tool steel;2;39;321
219;26.03.2021;01.04.2021;CL5575;Axle;Stainless steel;8;16;287
220;27.03.2021;01.04.2021;CL5241;Axle;Tool steel;5;19;436
221;27.03.2021;01.04.2021;CL3707;Bushing;Tool steel;8;30;179
222;28.03.2021;29.03.2021;CL5155;Bushing;Stainless steel;5;32;130
223;28.03.2021;29.03.2021;CL9915;Bushing;Stainless steel;5;29;187
224;28.03.2021;03.04.2021;CL5974;Axle;Tool steel;2;19;229
225;28.03.2021;30.03.2021;CL5155;Axle;Stainless steel;2;22;521
226;28.03.2021;03.04.2021;CL2879;Axle;Tool steel;5;16;560
227;28.03.2021;31.03.2021;CL6876;Bushing;Stainless steel;8;47;114
228;29.03.2021;01.04.2021;CL1357;Shaft;Tool steel;5;58;254
229;29.03.2021;05.04.2021;CL7453;Bushing;Bronze;9;29;120
230;30.03.2021;02.04.2021;CL3793;Axle;Stainless steel;3;20;207
231;30.03.2021;03.04.2021;CL9761;Shaft;Tool steel;2;15;273
232;30.03.2021;31.03.2021;CL8267;Shaft;Tool steel;10;15;429
233;30.03.2021;01.04.2021;CL1334;Shaft;Stainless steel;1;28;226
234;31.03.2021;03.04.2021;CL5806;Shaft;Stainless steel;8;46;360
235;31.03.2021;04.04.2021;CL5241;Bushing;Tool steel;5;52;182
236;31.03.2021;04.04.2021;CL6037;Axle;Tool steel;10;27;506
237;01.04.2021;02.04.2021;CL5241;Axle;Tool steel;3;16;361
238;01.04.2021;02.04.2021;CL8215;Shaft;Tool steel;3;57;355
239;01.04.2021;02.04.2021;CL3718;Bushing;Tool steel;3;21;134
240;02.04.2021;09.04.2021;CL8104;Shaft;Tool steel;8;56;465
241;02.04.2021;04.04.2021;CL5781;Axle;Tool steel;5;17;532
242;02.04.2021;09.04.2021;CL7676;Bushing;Bronze;9;35;128
243;03.04.2021;07.04.2021;CL5098;Axle;Tool steel;1;28;549
244;04.04.2021;10.04.2021;CL6433;Shaft;Tool steel;7;32;358
245;05.04.2021;07.04.2021;CL4961;Shaft;Stainless steel;6;32;331
246;05.04.2021;09.04.2021;CL1141;Bushing;Tool steel;7;39;168
247;06.04.2021;08.04.2021;CL9411;Shaft;Tool steel;5;35;346
248;07.04.2021;13.04.2021;CL9411;Bushing;Bronze;5;54;126
249;07.04.2021;10.04.2021;CL1607;Bushing;Stainless steel;4;28;127
250;07.04.2021;12.04.2021;CL2300;Axle;Tool steel;5;15;560
251;07.04.2021;11.04.2021;CL5974;Bushing;Bronze;1;39;177
252;08.04.2021;15.04.2021;CL3793;Bushing;Stainless steel;4;43;122
253;08.04.2021;15.04.2021;CL1839;Axle;Tool steel;5;14;457
254;08.04.2021;14.04.2021;CL7530;Shaft;Tool steel;2;34;237
255;08.04.2021;09.04.2021;CL5974;Axle;Stainless steel;6;30;337
256;09.04.2021;13.04.2021;CL7440;Axle;Tool steel;4;25;289
257;09.04.2021;16.04.2021;CL3891;Shaft;Stainless steel;6;19;252
258;09.04.2021;10.04.2021;CL5042;Axle;Stainless steel;2;18;451
259;09.04.2021;15.04.2021;CL9692;Axle;Stainless steel;3;25;289
260;09.04.2021;11.04.2021;CL7453;Shaft;Stainless steel;10;34;235
261;10.04.2021;17.04.2021;CL5098;Axle;Stainless steel;10;20;253
262;10.04.2021;15.04.2021;CL5098;Shaft;Tool steel;2;35;441
263;11.04.2021;17.04.2021;CL9411;Bushing;Tool steel;7;44;180
264;11.04.2021;16.04.2021;CL1334;Bushing;Tool steel;9;37;169
265;12.04.2021;15.04.2021;CL6424;Bushing;Tool steel;6;40;164
266;12.04.2021;16.04.2021;CL9584;Shaft;Tool steel;3;27;223
267;12.04.2021;18.04.2021;CL4961;Shaft;Stainless steel;7;55;421
268;13.04.2021;15.04.2021;CL6433;Bushing;Tool steel;9;39;112
269;13.04.2021;17.04.2021;CL7772;Axle;Tool steel;10;16;362
270;14.04.2021;18.04.2021;CL6037;Bushing;Stainless steel;6;52;140
271;14.04.2021;17.04.2021;CL1607;Shaft;Tool steel;1;38;472
272;15.04.2021;16.04.2021;CL9761;Shaft;Stainless steel;10;50;349
273;15.04.2021;17.04.2021;CL5806;Axle;Tool steel;2;22;563
274;16.04.2021;22.04.2021;CL1839;Bushing;Bronze;4;24;194
275;16.04.2021;17.04.2021;CL7569;Bushing;Tool steel;10;23;136
276;16.04.2021;17.04.2021;CL9915;Bushing;Bronze;6;43;163
277;16.04.2021;22.04.2021;CL9411;Bushing;Tool steel;4;40;134
278;16.04.2021;20.04.2021;CL5241;Bushing;Tool steel;10;44;185
279;16.04.2021;23.04.2021;CL5974;Bushing;Stainless steel;9;20;118
280;16.04.2021;18.04.2021;CL3793;Axle;Tool steel;6;27;231
281;16.04.2021;19.04.2021;CL8215;Shaft;Tool steel;9;47;285
282;17.04.2021;20.04.2021;CL9345;Bushing;Bronze;8;24;136
283;17.04.2021;22.04.2021;CL9761;Bushing;Tool steel;6;48;169
284;17.04.2021;21.04.2021;CL3707;Bushing;Tool steel;9;30;143
285;18.04.2021;24.04.2021;CL3891;Axle;Tool steel;7;23;406
286;19.04.2021;25.04.2021;CL1141;Shaft;Tool steel;4;20;448
287;19.04.2021;24.04.2021;CL6876;Bushing;Tool steel;3;52;135
288;19.04.2021;24.04.2021;CL9692;Bushing;Stainless steel;7;53;163
289;19.04.2021;20.04.2021;CL9517;Shaft;Stainless steel;4;57;497
290;19.04.2021;26.04.2021;CL6037;Axle;Tool steel;1;22;456
291;19.04.2021;20.04.2021;CL6433;Bushing;Tool steel;5;26;132
292;20.04.2021;23.04.2021;CL6876;Axle;Stainless steel;2;18;513
293;20.04.2021;21.04.2021;CL1141;Axle;Stainless steel;10;30;532
294;20.04.2021;21.04.2021;CL5974;Shaft;Stainless steel;9;25;260
295;20.04.2021;24.04.2021;CL4983;Axle;Stainless steel;8;15;457
296;20.04.2021;26.04.2021;CL6876;Bushing;Tool steel;4;27;107
297;21.04.2021;25.04.2021;CL5575;Shaft;Stainless steel;4;35;277
298;21.04.2021;28.04.2021;CL5241;Bushing;Stainless steel;8;43;117
299;21.04.2021;22.04.2021;CL5806;Shaft;Stainless steel;7;54;392
300;21.04.2021;26.04.2021;CL5575;Axle;Tool steel;8;16;234
301;21.04.2021;24.04.2021;CL7440;Bushing;Stainless steel;2;33;112
302;21.04.2021;26.04.2021;CL6876;Bushing;Stainless steel;2;49;115
303;21.04.2021;25.04.2021;CL9584;Shaft;Stainless steel;7;50;266
304;22.04.2021;24.04.2021;CL7003;Shaft;Tool steel;2;17;526
305;22.04.2021;27.04.2021;CL2879;Bushing;Bronze;4;37;172
306;22.04.2021;26.04.2021;CL7772;Axle;Tool steel;5;11;323
307;22.04.2021;28.04.2021;CL5974;Shaft;Stainless steel;3;44;527
308;22.04.2021;29.04.2021;CL9692;Bushing;Tool steel;10;34;159
309;23.04.2021;24.04.2021;CL4431;Bushing;Bronze;1;28;119
310;23.04.2021;25.04.2021;CL6433;Shaft;Stainless steel;9;46;401
311;23.04.2021;29.04.2021;CL7003;Bushing;Bronze;9;30;104
312;23.04.2021;28.04.2021;CL7656;Bushing;Bronze;3;20;134
313;24.04.2021;28.04.2021;CL3718;Shaft;Tool steel;5;23;451
314;24.04.2021;27.04.2021;CL6424;Shaft;Stainless steel;7;56;318
315;25.04.2021;30.04.2021;CL8005;Bushing;Bronze;8;20;168
316;25.04.2021;27.04.2021;CL7772;Axle;Stainless steel;1;15;330
317;25.04.2021;26.04.2021;CL4107;Shaft;Stainless steel;8;40;483
318;26.04.2021;29.04.2021;CL6433;Shaft;Tool steel;8;50;230
319;27.04.2021;30.04.2021;CL6433;Axle;Tool steel;9;12;544
320;27.04.2021;29.04.2021;CL9915;Bushing;Tool steel;5;23;166
321;27.04.2021;01.05.2021;CL7191;Shaft;Tool steel;5;18;554
322;27.04.2021;03.05.2021;CL6433;Axle;Tool steel;8;14;460
323;27.04.2021;04.05.2021;CL6876;Axle;Stainless steel;7;16;539
324;27.04.2021;02.05.2021;CL9411;Shaft;Tool steel;10;58;263
325;28.04.2021;04.05.2021;CL7003;Axle;Tool steel;8;18;287
326;28.04.2021;05.05.2021;CL2879;Bushing;Tool steel;8;27;185
327;29.04.2021;05.05.2021;CL5042;Axle;Stainless steel;10;10;534
328;29.04.2021;01.05.2021;CL7676;Axle;Tool steel;7;20;337
329;29.04.2021;02.05.2021;CL5042;Axle;Tool steel;9;23;291
330;30.04.2021;04.05.2021;CL7003;Bushing;Tool steel;6;26;199
331;01.05.2021;08.05.2021;CL3718;Shaft;Stainless steel;8;51;551
332;01.05.2021;06.05.2021;CL6037;Bushing;Tool steel;1;45;127
333;01.05.2021;08.05.2021;CL4983;Shaft;Stainless steel;1;26;556
334;01.05.2021;04.05.2021;CL7676;Shaft;Stainless steel;5;46;285
335;03.05.2021;08.05.2021;CL5761;Bushing;Tool steel;1;29;146
336;03.05.2021;06.05.2021;CL7191;Shaft;Stainless steel;1;43;283
337;03.05.2021;10.05.2021;CL6433;Shaft;Stainless steel;3;51;388
338;03.05.2021;10.05.2021;CL5761;Shaft;Tool steel;4;51;484
339;04.05.2021;05.05.2021;CL5241;Bushing;Tool steel;1;34;126
340;04.05.2021;06.05.2021;CL7772;Bushing;Stainless steel;7;20;121
341;04.05.2021;09.05.2021;CL4961;Axle;Tool steel;8;26;237
342;05.05.2021;12.05.2021;CL8267;Shaft;Stainless steel;3;39;527
343;05.05.2021;06.05.2021;CL5313;Bushing;Stainless steel;3;49;173
344;05.05.2021;08.05.2021;CL5761;Shaft;Tool steel;1;35;548
345;05.05.2021;12.05.2021;CL5974;Shaft;Tool steel;6;28;393
346;06.05.2021;09.05.2021;CL5042;Shaft;Stainless steel;2;22;407
347;07.05.2021;11.05.2021;CL7433;Shaft;Stainless steel;10;40;287
348;07.05.2021;10.05.2021;CL5098;Axle;Tool steel;4;30;536
349;07.05.2021;08.05.2021;CL7191;Axle;Tool steel;2;24;425
350;08.05.2021;14.05.2021;CL5575;Axle;Tool steel;9;21;539
351;08.05.2021;10.05.2021;CL7003;Bushing;Bronze;10;25;194
352;08.05.2021;13.05.2021;CL7003;Shaft;Stainless steel;4;56;396
353;08.05.2021;11.05.2021;CL9411;Shaft;Stainless steel;9;25;465
354;08.05.2021;10.05.2021;CL7453;Bushing;Stainless steel;3;22;153
355;10.05.2021;13.05.2021;CL3793;Bushing;Stainless steel;9;31;167
356;10.05.2021;11.05.2021;CL9915;Shaft;Tool steel;7;20;316
357;11.05.2021;13.05.2021;CL8104;Shaft;Tool steel;3;21;311
358;11.05.2021;12.05.2021;CL3793;Bushing;Tool steel;6;35;189
359;11.05.2021;13.05.2021;CL1141;Shaft;Stainless steel;7;20;459
360;12.05.2021;17.05.2021;CL5575;Shaft;Stainless steel;8;52;209
361;13.05.2021;17.05.2021;CL3292;Shaft;Tool steel;6;35;443
362;13.05.2021;17.05.2021;CL8267;Shaft;Tool steel;1;23;472
363;13.05.2021;19.05.2021;CL9411;Axle;Stainless steel;8;22;303
364;13.05.2021;19.05.2021;CL2879;Bushing;Bronze;6;25;162
365;13.05.2021;17.05.2021;CL7433;Axle;Tool steel;6;19;310
366;14.05.2021;21.05.2021;CL5241;Axle;Tool steel;10;11;307
367;14.05.2021;16.05.2021;CL3707;Bushing;Tool steel;4;22;189
368;15.05.2021;22.05.2021;CL9584;Shaft;Stainless steel;8;33;508
369;16.05.2021;19.05.2021;CL5155;Axle;Tool steel;8;27;250
370;16.05.2021;21.05.2021;CL4983;Shaft;Tool steel;4;43;221
371;16.05.2021;17.05.2021;CL8215;Bushing;Stainless steel;10;55;107
372;16.05.2021;21.05.2021;CL7003;Bushing;Stainless steel;4;25;157
373;17.05.2021;21.05.2021;CL9345;Bushing;Bronze;7;38;154
374;17.05.2021;19.05.2021;CL9584;Bushing;Stainless steel;3;38;196
375;18.05.2021;22.05.2021;CL4983;Axle;Tool steel;8;20;457
376;18.05.2021;24.05.2021;CL8005;Bushing;Bronze;4;52;115
377;19.05.2021;22.05.2021;CL4961;Bushing;Tool steel;6;40;175
378;19.05.2021;25.05.2021;CL5241;Shaft;Stainless steel;4;58;417
379;19.05.2021;25.05.2021;CL3292;Axle;Stainless steel;6;10;331
380;19.05.2021;23.05.2021;CL5098;Shaft;Tool steel;10;34;430
381;19.05.2021;24.05.2021;CL5806;Bushing;Bronze;10;55;161
382;20.05.2021;27.05.2021;CL9411;Bushing;Tool steel;6;47;167
383;20.05.2021;22.05.2021;CL2879;Shaft;Stainless steel;6;58;541
384;21.05.2021;27.05.2021;CL3793;Shaft;Stainless steel;1;50;458
385;21.05.2021;26.05.2021;CL8005;Axle;Tool steel;8;16;554
386;22.05.2021;23.05.2021;CL7569;Axle;Stainless steel;2;17;541
387;22.05.2021;28.05.2021;CL4107;Axle;Stainless steel;6;29;468
388;23.05.2021;24.05.2021;CL7191;Axle;Stainless steel;1;23;542
389;23.05.2021;28.05.2021;CL5781;Bushing;Tool steel;3;46;195
390;23.05.2021;26.05.2021;CL8005;Axle;Stainless steel;6;23;231
391;24.05.2021;29.05.2021;CL9345;Shaft;Tool steel;10;55;493
392;25.05.2021;31.05.2021;CL5761;Bushing;Stainless steel;8;22;156
393;25.05.2021;01.06.2021;CL9915;Shaft;Stainless steel;8;45;446
394;25.05.2021;29.05.2021;CL3891;Bushing;Bronze;3;47;100
395;25.05.2021;31.05.2021;CL8005;Axle;Tool steel;4;25;384
396;26.05.2021;27.05.2021;CL7003;Axle;Tool steel;7;11;371
397;26.05.2021;02.06.2021;CL3718;Bushing;Bronze;7;40;114
398;26.05.2021;29.05.2021;CL5241;Bushing;Bronze;3;50;167
399;27.05.2021;31.05.2021;CL9915;Axle;Tool steel;1;19;496
400;27.05.2021;03.06.2021;CL2879;Bushing;Stainless steel;1;53;126
401;27.05.2021;01.06.2021;CL2879;Shaft;Tool steel;9;40;321
402;28.05.2021;29.05.2021;CL8005;Bushing;Stainless steel;2;39;126
403;28.05.2021;31.05.2021;CL8215;Bushing;Bronze;10;36;137
404;28.05.2021;03.06.2021;CL7003;Bushing;Stainless steel;8;33;178
405;29.05.2021;31.05.2021;CL6876;Bushing;Stainless steel;2;41;191
406;29.05.2021;31.05.2021;CL8005;Bushing;Stainless steel;2;32;142
407;29.05.2021;02.06.2021;CL9623;Bushing;Bronze;7;49;161
408;29.05.2021;04.06.2021;CL3292;Shaft;Tool steel;9;47;458
409;29.05.2021;02.06.2021;CL2879;Axle;Stainless steel;2;21;550
410;30.05.2021;05.06.2021;CL8104;Bushing;Tool steel;10;30;149
411;31.05.2021;02.06.2021;CL4961;Bushing;Stainless steel;10;44;171
412;31.05.2021;01.06.2021;CL5806;Shaft;Tool steel;4;43;310
413;01.06.2021;02.06.2021;CL5806;Axle;Tool steel;6;23;550
414;01.06.2021;03.06.2021;CL4107;Shaft;Stainless steel;1;16;239
415;01.06.2021;08.06.2021;CL5974;Shaft;Tool steel;5;31;233
416;01.06.2021;04.06.2021;CL1607;Bushing;Bronze;3;22;113
417;02.06.2021;07.06.2021;CL3891;Bushing;Stainless steel;6;51;165
418;03.06.2021;04.06.2021;CL6424;Shaft;Stainless steel;4;50;530
419;03.06.2021;04.06.2021;CL8104;Axle;Tool steel;6;15;388
420;03.06.2021;06.06.2021;CL5042;Shaft;Tool steel;5;15;360
421;04.06.2021;10.06.2021;CL9692;Bushing;Tool steel;8;54;171
422;04.06.2021;07.06.2021;CL7453;Bushing;Stainless steel;3;42;109
423;04.06.2021;06.06.2021;CL7433;Axle;Stainless steel;4;12;375
424;06.06.2021;11.06.2021;CL5781;Shaft;Tool steel;1;39;527
425;06.06.2021;07.06.2021;CL9584;Axle;Tool steel;1;12;321
426;06.06.2021;08.06.2021;CL3793;Axle;Tool steel;2;19;274
427;07.06.2021;08.06.2021;CL9411;Bushing;Bronze;3;41;190
428;07.06.2021;10.06.2021;CL9517;Axle;Tool steel;4;30;312
429;07.06.2021;13.06.2021;CL7440;Axle;Tool steel;8;25;385
430;08.06.2021;12.06.2021;CL9915;Axle;Tool steel;9;10;243
431;08.06.2021;14.06.2021;CL8005;Bushing;Bronze;5;27;126
432;09.06.2021;16.06.2021;CL7440;Shaft;Stainless steel;3;47;239
433;09.06.2021;12.06.2021;CL3707;Bushing;Bronze;2;39;178
434;09.06.2021;10.06.2021;CL7003;Axle;Tool steel;9;29;422
435;09.06.2021;12.06.2021;CL5155;Bushing;Stainless steel;8;46;123
436;09.06.2021;12.06.2021;CL4983;Shaft;Stainless steel;6;21;265
437;10.06.2021;11.06.2021;CL7530;Axle;Tool steel;4;18;203
438;11.06.2021;14.06.2021;CL9915;Axle;Tool steel;2;17;545
439;11.06.2021;18.06.2021;CL5241;Bushing;Tool steel;2;43;195
440;11.06.2021;12.06.2021;CL7440;Bushing;Bronze;9;52;119
441;11.06.2021;13.06.2021;CL4431;Shaft;Tool steel;5;53;457
442;12.06.2021;18.06.2021;CL9411;Bushing;Stainless steel;3;29;179
443;12.06.2021;14.06.2021;CL1357;Shaft;Tool steel;4;19;537
444;12.06.2021;16.06.2021;CL9761;Bushing;Tool steel;1;38;101
445;12.06.2021;19.06.2021;CL9517;Axle;Stainless steel;6;23;284
446;12.06.2021;17.06.2021;CL7530;Axle;Stainless steel;1;28;435
447;12.06.2021;17.06.2021;CL1357;Bushing;Bronze;1;26;104
448;12.06.2021;17.06.2021;CL7676;Bushing;Bronze;5;31;154
449;13.06.2021;16.06.2021;CL9692;Bushing;Stainless steel;1;55;137
450;13.06.2021;19.06.2021;CL4983;Bushing;Bronze;4;26;111
451;13.06.2021;19.06.2021;CL3707;Bushing;Tool steel;5;26;151
452;15.06.2021;18.06.2021;CL3891;Bushing;Stainless steel;8;53;185
453;15.06.2021;17.06.2021;CL9584;Shaft;Tool steel;8;50;376
454;15.06.2021;22.06.2021;CL5761;Bushing;Tool steel;5;33;148
455;15.06.2021;20.06.2021;CL1357;Axle;Stainless steel;4;23;399
456;15.06.2021;22.06.2021;CL3891;Bushing;Tool steel;8;26;146
457;15.06.2021;21.06.2021;CL5241;Bushing;Bronze;2;36;196
458;15.06.2021;21.06.2021;CL5806;Shaft;Stainless steel;10;17;339
459;15.06.2021;17.06.2021;CL4983;Shaft;Stainless steel;5;42;551
460;15.06.2021;21.06.2021;CL3707;Axle;Stainless steel;3;26;448
461;16.06.2021;19.06.2021;CL4961;Bushing;Tool steel;9;53;130
462;16.06.2021;21.06.2021;CL5313;Axle;Tool steel;2;17;433
463;16.06.2021;19.06.2021;CL4961;Shaft;Stainless steel;2;42;382
464;16.06.2021;22.06.2021;CL6424;Shaft;Tool steel;1;52;341
465;17.06.2021;21.06.2021;CL9915;Bushing;Stainless steel;5;40;133
466;17.06.2021;24.06.2021;CL7453;Shaft;Stainless steel;6;41;543
467;17.06.2021;24.06.2021;CL9345;Shaft;Tool steel;1;22;555
468;18.06.2021;23.06.2021;CL9411;Bushing;Bronze;10;30;128
469;18.06.2021;19.06.2021;CL5042;Axle;Stainless steel;7;22;457
470;18.06.2021;19.06.2021;CL2879;Axle;Stainless steel;7;28;379
471;19.06.2021;26.06.2021;CL3793;Axle;Tool steel;5;20;303
472;19.06.2021;22.06.2021;CL9692;Shaft;Tool steel;10;26;440
473;19.06.2021;25.06.2021;CL4431;Bushing;Tool steel;2;39;140
474;19.06.2021;21.06.2021;CL4961;Shaft;Stainless steel;4;32;514
475;20.06.2021;22.06.2021;CL1607;Bushing;Tool steel;4;33;124
476;20.06.2021;23.06.2021;CL1357;Bushing;Stainless steel;6;30;101
477;20.06.2021;25.06.2021;CL5761;Bushing;Stainless steel;8;46;115
478;22.06.2021;28.06.2021;CL8104;Bushing;Bronze;2;51;140
479;22.06.2021;27.06.2021;CL3822;Bushing;Stainless steel;10;37;188
480;22.06.2021;25.06.2021;CL7656;Shaft;Stainless steel;5;49;287
481;23.06.2021;29.06.2021;CL6424;Axle;Tool steel;9;24;505
482;24.06.2021;30.06.2021;CL7922;Axle;Stainless steel;7;29;211
483;24.06.2021;29.06.2021;CL6433;Axle;Stainless steel;7;18;389
484;24.06.2021;26.06.2021;CL7453;Bushing;Tool steel;8;48;115
485;25.06.2021;02.07.2021;CL9915;Bushing;Tool steel;8;53;157
486;25.06.2021;27.06.2021;CL6876;Shaft;Stainless steel;10;53;525
487;26.06.2021;03.07.2021;CL4107;Axle;Tool steel;1;30;420
488;26.06.2021;03.07.2021;CL2879;Bushing;Stainless steel;6;51;193
489;26.06.2021;01.07.2021;CL9915;Shaft;Tool steel;10;24;392
490;27.06.2021;04.07.2021;CL5761;Shaft;Stainless steel;6;38;466
491;27.06.2021;30.06.2021;CL5806;Shaft;Tool steel;3;44;299
492;27.06.2021;30.06.2021;CL3707;Axle;Stainless steel;1;28;517
493;28.06.2021;29.06.2021;CL6037;Shaft;Tool steel;10;38;255
494;28.06.2021;05.07.2021;CL7772;Shaft;Stainless steel;5;52;371
495;28.06.2021;29.06.2021;CL1357;Shaft;Stainless steel;3;39;377
496;28.06.2021;04.07.2021;CL5974;Bushing;Tool steel;3;22;163
497;29.06.2021;04.07.2021;CL7003;Shaft;Stainless steel;8;54;338
498;29.06.2021;04.07.2021;CL4107;Axle;Tool steel;6;10;445
499;29.06.2021;03.07.2021;CL9915;Shaft;Stainless steel;4;23;370
500;30.06.2021;06.07.2021;CL7191;Shaft;Tool steel;8;21;477
501;30.06.2021;04.07.2021;CL1357;Axle;Stainless steel;2;19;209
502;30.06.2021;04.07.2021;CL6424;Shaft;Stainless steel;2;31;236
503;01.07.2021;03.07.2021;CL9692;Axle;Stainless steel;10;19;517
504;01.07.2021;06.07.2021;CL8005;Axle;Stainless steel;7;24;323
505;01.07.2021;05.07.2021;CL3707;Axle;Tool steel;2;10;492
506;01.07.2021;02.07.2021;CL9584;Shaft;Tool steel;6;53;409
507;02.07.2021;08.07.2021;CL9915;Axle;Stainless steel;10;28;543
508;02.07.2021;08.07.2021;CL1141;Shaft;Tool steel;6;22;356
509;02.07.2021;08.07.2021;CL5761;Shaft;Tool steel;10;37;306
510;02.07.2021;06.07.2021;CL7530;Shaft;Stainless steel;1;39;338
511;03.07.2021;06.07.2021;CL7676;Axle;Stainless steel;3;22;347
512;03.07.2021;08.07.2021;CL5806;Shaft;Stainless steel;6;49;342
513;03.07.2021;06.07.2021;CL3605;Shaft;Tool steel;10;19;345
514;04.07.2021;07.07.2021;CL7569;Axle;Stainless steel;1;27;401
515;05.07.2021;08.07.2021;CL3822;Bushing;Stainless steel;10;20;102
516;05.07.2021;12.07.2021;CL9517;Bushing;Bronze;8;21;109
517;05.07.2021;11.07.2021;CL8215;Axle;Stainless steel;2;20;224
518;05.07.2021;09.07.2021;CL1357;Shaft;Stainless steel;7;45;535
519;05.07.2021;09.07.2021;CL7772;Axle;Tool steel;1;20;320
520;06.07.2021;12.07.2021;CL4431;Shaft;Stainless steel;1;46;295
521;06.07.2021;09.07.2021;CL5781;Shaft;Tool steel;9;39;236
522;06.07.2021;12.07.2021;CL6876;Bushing;Stainless steel;5;41;177
523;06.07.2021;13.07.2021;CL9692;Shaft;Tool steel;7;32;407
524;08.07.2021;11.07.2021;CL7656;Shaft;Stainless steel;8;58;466
525;08.07.2021;09.07.2021;CL4431;Bushing;Stainless steel;7;41;174
526;09.07.2021;14.07.2021;CL6433;Axle;Stainless steel;1;25;349
527;09.07.2021;16.07.2021;CL9517;Axle;Stainless steel;8;16;261
528;10.07.2021;17.07.2021;CL1607;Shaft;Tool steel;7;52;260
529;10.07.2021;13.07.2021;CL7003;Bushing;Stainless steel;1;29;101
530;10.07.2021;13.07.2021;CL5806;Shaft;Stainless steel;8;26;504
531;11.07.2021;13.07.2021;CL3292;Shaft;Tool steel;3;38;477
532;11.07.2021;17.07.2021;CL5313;Shaft;Tool steel;8;22;295
533;12.07.2021;16.07.2021;CL7922;Axle;Tool steel;5;30;353
534;12.07.2021;19.07.2021;CL8005;Bushing;Tool steel;10;48;183
535;12.07.2021;13.07.2021;CL5575;Shaft;Stainless steel;8;16;422
536;13.07.2021;18.07.2021;CL9915;Bushing;Stainless steel;5;39;178
537;13.07.2021;14.07.2021;CL5575;Bushing;Bronze;5;54;113
538;13.07.2021;17.07.2021;CL7676;Bushing;Bronze;9;51;103
539;13.07.2021;20.07.2021;CL2300;Bushing;Bronze;3;54;136
540;15.07.2021;18.07.2021;CL7191;Bushing;Bronze;6;43;191
541;15.07.2021;20.07.2021;CL3707;Axle;Tool steel;3;30;385
542;15.07.2021;17.07.2021;CL9915;Bushing;Bronze;8;45;158
543;16.07.2021;20.07.2021;CL9692;Axle;Stainless steel;8;14;470
544;16.07.2021;21.07.2021;CL7433;Shaft;Stainless steel;7;36;484
545;16.07.2021;23.07.2021;CL2300;Shaft;Tool steel;8;39;270
546;16.07.2021;17.07.2021;CL2300;Shaft;Tool steel;6;46;472
547;16.07.2021;19.07.2021;CL4107;Bushing;Bronze;7;47;167
548;17.07.2021;21.07.2021;CL4961;Axle;Stainless steel;10;13;237
549;17.07.2021;20.07.2021;CL1334;Bushing;Bronze;7;32;117
550;18.07.2021;24.07.2021;CL5042;Axle;Stainless steel;6;30;397
551;18.07.2021;25.07.2021;CL4107;Axle;Tool steel;7;14;547
552;18.07.2021;20.07.2021;CL5761;Axle;Tool steel;5;16;391
553;19.07.2021;20.07.2021;CL5313;Shaft;Stainless steel;8;15;403
554;19.07.2021;26.07.2021;CL4983;Shaft;Tool steel;1;23;565
555;19.07.2021;22.07.2021;CL3605;Axle;Tool steel;4;20;462
556;20.07.2021;23.07.2021;CL3793;Shaft;Tool steel;5;58;311
557;20.07.2021;26.07.2021;CL5974;Axle;Stainless steel;8;11;253
558;20.07.2021;22.07.2021;CL9692;Shaft;Stainless steel;1;33;262
559;21.07.2021;24.07.2021;CL5575;Bushing;Tool steel;4;47;179
560;22.07.2021;29.07.2021;CL7453;Bushing;Stainless steel;10;54;172
561;22.07.2021;27.07.2021;CL1357;Bushing;Bronze;9;50;192
562;23.07.2021;26.07.2021;CL3718;Axle;Tool steel;7;21;249
563;23.07.2021;29.07.2021;CL9623;Axle;Stainless steel;6;27;262
564;23.07.2021;27.07.2021;CL9761;Shaft;Stainless steel;10;27;489
565;24.07.2021;31.07.2021;CL6433;Shaft;Tool steel;1;52;543
566;24.07.2021;28.07.2021;CL8005;Bushing;Tool steel;4;45;194
567;24.07.2021;28.07.2021;CL7569;Shaft;Tool steel;10;29;304
568;25.07.2021;26.07.2021;CL2300;Shaft;Stainless steel;8;45;528
569;26.07.2021;29.07.2021;CL6433;Shaft;Stainless steel;5;35;308
570;26.07.2021;30.07.2021;CL9761;Shaft;Tool steel;4;52;356
571;27.07.2021;03.08.2021;CL3718;Axle;Tool steel;2;25;360
572;27.07.2021;30.07.2021;CL9623;Shaft;Tool steel;8;29;307
573;27.07.2021;01.08.2021;CL5974;Axle;Tool steel;7;19;380
574;28.07.2021;04.08.2021;CL7453;Shaft;Tool steel;10;31;564
575;28.07.2021;29.07.2021;CL1141;Shaft;Tool steel;6;55;492
576;28.07.2021;31.07.2021;CL7676;Shaft;Stainless steel;10;24;258
577;30.07.2021;03.08.2021;CL6433;Shaft;Stainless steel;1;43;230
578;30.07.2021;31.07.2021;CL8005;Bushing;Bronze;6;38;199
579;01.08.2021;07.08.2021;CL7003;Axle;Stainless steel;4;16;485
580;01.08.2021;05.08.2021;CL7440;Axle;Stainless steel;1;22;313
581;02.08.2021;06.08.2021;CL7676;Axle;Stainless steel;10;19;436
582;02.08.2021;03.08.2021;CL9761;Bushing;Stainless steel;6;50;190
583;02.08.2021;06.08.2021;CL5042;Axle;Stainless steel;7;16;460
584;02.08.2021;06.08.2021;CL9623;Axle;Stainless steel;3;19;434
585;02.08.2021;08.08.2021;CL6876;Shaft;Stainless steel;5;23;332
586;03.08.2021;04.08.2021;CL7003;Shaft;Stainless steel;5;38;393
587;03.08.2021;08.08.2021;CL6876;Shaft;Tool steel;2;35;248
588;03.08.2021;08.08.2021;CL7440;Shaft;Tool steel;7;40;433
589;05.08.2021;06.08.2021;CL1141;Axle;Stainless steel;5;11;208
590;05.08.2021;12.08.2021;CL4107;Shaft;Stainless steel;7;30;312
591;05.08.2021;06.08.2021;CL7656;Bushing;Tool steel;7;41;126
592;05.08.2021;06.08.2021;CL3891;Bushing;Stainless steel;5;29;116
593;07.08.2021;13.08.2021;CL7453;Axle;Stainless steel;4;21;203
594;07.08.2021;11.08.2021;CL7453;Axle;Tool steel;8;24;494
595;07.08.2021;13.08.2021;CL5575;Axle;Tool steel;6;21;453
596;08.08.2021;14.08.2021;CL7003;Bushing;Stainless steel;7;40;163
597;09.08.2021;10.08.2021;CL3292;Axle;Stainless steel;9;15;504
598;09.08.2021;15.08.2021;CL8267;Axle;Stainless steel;5;13;304
599;10.08.2021;12.08.2021;CL5761;Bushing;Tool steel;1;32;165
600;10.08.2021;15.08.2021;CL5806;Bushing;Stainless steel;1;26;198
601;10.08.2021;12.08.2021;CL8267;Shaft;Tool steel;6;26;243
602;11.08.2021;13.08.2021;CL9584;Axle;Tool steel;6;21;317
603;11.08.2021;16.08.2021;CL5155;Shaft;Stainless steel;9;40;480
604;12.08.2021;19.08.2021;CL4107;Shaft;Tool steel;7;20;472
605;13.08.2021;15.08.2021;CL5241;Bushing;Bronze;10;37;187
606;14.08.2021;18.08.2021;CL7772;Bushing;Bronze;8;24;193
607;14.08.2021;20.08.2021;CL7433;Bushing;Stainless steel;2;28;107
608;15.08.2021;19.08.2021;CL1141;Axle;Tool steel;9;13;266
609;15.08.2021;21.08.2021;CL5042;Axle;Tool steel;10;30;257
610;15.08.2021;16.08.2021;CL3718;Axle;Stainless steel;10;28;510
611;16.08.2021;17.08.2021;CL5042;Shaft;Stainless steel;9;19;279
612;16.08.2021;23.08.2021;CL3891;Bushing;Stainless steel;8;48;172
613;17.08.2021;18.08.2021;CL4431;Shaft;Stainless steel;10;28;211
614;18.08.2021;24.08.2021;CL7003;Axle;Tool steel;10;25;354
615;18.08.2021;24.08.2021;CL3605;Axle;Tool steel;10;28;424
616;19.08.2021;25.08.2021;CL3605;Axle;Stainless steel;3;26;232
617;19.08.2021;25.08.2021;CL4961;Bushing;Tool steel;7;21;122
618;19.08.2021;23.08.2021;CL7191;Shaft;Tool steel;10;30;205
619;19.08.2021;24.08.2021;CL8267;Bushing;Stainless steel;1;41;193
620;19.08.2021;21.08.2021;CL9584;Axle;Tool steel;7;22;261
621;19.08.2021;22.08.2021;CL1334;Axle;Stainless steel;9;18;432
622;19.08.2021;23.08.2021;CL5575;Bushing;Tool steel;10;43;145
623;20.08.2021;24.08.2021;CL9411;Bushing;Tool steel;10;30;145
624;20.08.2021;22.08.2021;CL9584;Bushing;Bronze;6;52;188
625;20.08.2021;23.08.2021;CL9915;Bushing;Bronze;2;28;111
626;20.08.2021;24.08.2021;CL7922;Shaft;Tool steel;9;18;532
627;21.08.2021;25.08.2021;CL1839;Shaft;Stainless steel;4;56;523
628;21.08.2021;24.08.2021;CL7569;Axle;Tool steel;9;27;505
629;22.08.2021;25.08.2021;CL1334;Bushing;Stainless steel;7;44;198
630;22.08.2021;29.08.2021;CL6424;Axle;Stainless steel;10;25;495
631;23.08.2021;28.08.2021;CL1357;Shaft;Tool steel;5;32;258
632;23.08.2021;27.08.2021;CL8215;Axle;Tool steel;2;27;511
633;23.08.2021;28.08.2021;CL7676;Bushing;Bronze;5;40;128
634;24.08.2021;28.08.2021;CL5806;Shaft;Stainless steel;1;39;434
635;24.08.2021;31.08.2021;CL9692;Shaft;Tool steel;8;55;343
636;24.08.2021;30.08.2021;CL5241;Shaft;Stainless steel;5;20;362
637;25.08.2021;01.09.2021;CL7440;Bushing;Tool steel;5;53;128
638;25.08.2021;30.08.2021;CL6037;Shaft;Stainless steel;4;30;568
639;26.08.2021;29.08.2021;CL5241;Axle;Stainless steel;2;10;384
640;26.08.2021;28.08.2021;CL4431;Bushing;Tool steel;10;28;171
641;27.08.2021;01.09.2021;CL7569;Bushing;Tool steel;2;47;145
642;27.08.2021;30.08.2021;CL1357;Axle;Stainless steel;1;19;409
643;29.08.2021;04.09.2021;CL7191;Bushing;Bronze;7;20;179
644;29.08.2021;02.09.2021;CL3707;Bushing;Bronze;6;41;121
645;30.08.2021;03.09.2021;CL7656;Bushing;Stainless steel;1;52;128
646;30.08.2021;04.09.2021;CL4107;Shaft;Stainless steel;7;41;263
647;30.08.2021;04.09.2021;CL7440;Axle;Tool steel;1;22;389
648;31.08.2021;02.09.2021;CL2300;Axle;Tool steel;8;22;302
649;01.09.2021;06.09.2021;CL9517;Axle;Tool steel;4;12;326
650;01.09.2021;08.09.2021;CL6433;Shaft;Stainless steel;9;24;452
651;01.09.2021;07.09.2021;CL9584;Shaft;Tool steel;9;16;367
652;02.09.2021;04.09.2021;CL3891;Axle;Stainless steel;7;27;452
653;03.09.2021;06.09.2021;CL7569;Shaft;Tool steel;7;40;469
654;03.09.2021;05.09.2021;CL8005;Bushing;Stainless steel;2;47;187
655;03.09.2021;04.09.2021;CL3822;Shaft;Stainless steel;7;22;239
656;03.09.2021;05.09.2021;CL4983;Axle;Stainless steel;7;16;239
657;03.09.2021;08.09.2021;CL7569;Bushing;Stainless steel;9;55;117
658;03.09.2021;07.09.2021;CL7676;Axle;Tool steel;2;15;280
659;04.09.2021;08.09.2021;CL6037;Bushing;Bronze;9;22;101
660;04.09.2021;09.09.2021;CL4983;Bushing;Stainless steel;8;42;157
661;04.09.2021;10.09.2021;CL7772;Shaft;Tool steel;6;44;546
662;04.09.2021;06.09.2021;CL1839;Shaft;Stainless steel;1;24;524
663;05.09.2021;10.09.2021;CL8005;Bushing;Stainless steel;8;32;183
664;05.09.2021;11.09.2021;CL5042;Bushing;Stainless steel;2;36;155
665;05.09.2021;08.09.2021;CL1357;Bushing;Bronze;8;50;146
666;06.09.2021;07.09.2021;CL5098;Axle;Tool steel;10;13;374
667;06.09.2021;13.09.2021;CL8104;Shaft;Stainless steel;7;39;327
668;06.09.2021;07.09.2021;CL7569;Shaft;Tool steel;4;40;543
669;06.09.2021;08.09.2021;CL6876;Bushing;Tool steel;7;48;111
670;06.09.2021;08.09.2021;CL7003;Shaft;Stainless steel;9;35;213
671;07.09.2021;10.09.2021;CL1141;Axle;Tool steel;2;25;568
672;07.09.2021;13.09.2021;CL6433;Axle;Tool steel;5;16;227
673;08.09.2021;13.09.2021;CL5974;Shaft;Stainless steel;6;17;580
674;08.09.2021;11.09.2021;CL9411;Shaft;Stainless steel;4;24;242
675;08.09.2021;15.09.2021;CL7772;Shaft;Stainless steel;2;33;552
676;10.09.2021;14.09.2021;CL9411;Axle;Tool steel;4;16;482
677;10.09.2021;13.09.2021;CL7530;Axle;Tool steel;7;10;414
678;10.09.2021;13.09.2021;CL7433;Axle;Tool steel;10;16;352
679;10.09.2021;14.09.2021;CL1607;Axle;Stainless steel;9;14;439
680;10.09.2021;13.09.2021;CL9915;Bushing;Bronze;1;40;151
681;11.09.2021;16.09.2021;CL5042;Shaft;Stainless steel;5;17;211
682;12.09.2021;18.09.2021;CL9345;Bushing;Stainless steel;1;35;118
683;12.09.2021;13.09.2021;CL2879;Shaft;Tool steel;3;35;265
684;12.09.2021;19.09.2021;CL7569;Bushing;Bronze;1;40;131
685;12.09.2021;18.09.2021;CL5042;Bushing;Bronze;9;51;146
686;13.09.2021;18.09.2021;CL4431;Shaft;Tool steel;2;28;451
687;13.09.2021;19.09.2021;CL6433;Shaft;Tool steel;5;17;306
688;13.09.2021;20.09.2021;CL9584;Axle;Tool steel;8;22;549
689;13.09.2021;16.09.2021;CL5155;Axle;Stainless steel;8;11;313
690;15.09.2021;20.09.2021;CL3891;Axle;Stainless steel;7;27;213
691;15.09.2021;19.09.2021;CL4961;Shaft;Tool steel;9;38;459
692;15.09.2021;20.09.2021;CL9915;Bushing;Tool steel;6;55;165
693;16.09.2021;19.09.2021;CL6876;Axle;Tool steel;10;16;367
694;16.09.2021;20.09.2021;CL6037;Bushing;Tool steel;1;53;156
695;16.09.2021;22.09.2021;CL7772;Bushing;Tool steel;1;25;184
696;17.09.2021;19.09.2021;CL4107;Shaft;Stainless steel;1;46;424
697;17.09.2021;21.09.2021;CL9517;Axle;Tool steel;5;13;408
698;17.09.2021;19.09.2021;CL3793;Axle;Stainless steel;5;20;398
699;18.09.2021;20.09.2021;CL7191;Axle;Tool steel;6;13;498
700;18.09.2021;21.09.2021;CL5974;Bushing;Stainless steel;3;50;181
701;18.09.2021;19.09.2021;CL9761;Axle;Tool steel;4;12;212
702;18.09.2021;21.09.2021;CL1607;Bushing;Bronze;10;37;154
703;19.09.2021;22.09.2021;CL8005;Bushing;Bronze;4;51;141
704;19.09.2021;23.09.2021;CL3891;Axle;Stainless steel;6;29;401
705;20.09.2021;22.09.2021;CL9345;Bushing;Bronze;6;34;189
706;20.09.2021;26.09.2021;CL8267;Axle;Tool steel;4;12;315
707;21.09.2021;24.09.2021;CL5575;Shaft;Tool steel;1;27;301
708;21.09.2021;28.09.2021;CL8005;Shaft;Stainless steel;7;44;209
709;22.09.2021;27.09.2021;CL7440;Axle;Stainless steel;10;15;481
710;22.09.2021;28.09.2021;CL4983;Axle;Stainless steel;5;15;307
711;22.09.2021;25.09.2021;CL8267;Axle;Tool steel;7;12;244
712;23.09.2021;26.09.2021;CL2300;Shaft;Tool steel;5;50;294
713;24.09.2021;27.09.2021;CL7530;Bushing;Stainless steel;9;54;111
714;24.09.2021;26.09.2021;CL9411;Shaft;Tool steel;4;37;355
715;25.09.2021;30.09.2021;CL1607;Bushing;Tool steel;2;33;104
716;26.09.2021;03.10.2021;CL9692;Bushing;Bronze;4;50;156
717;27.09.2021;02.10.2021;CL7440;Bushing;Bronze;7;32;197
718;27.09.2021;28.09.2021;CL3822;Axle;Tool steel;3;11;334
719;27.09.2021;29.09.2021;CL1334;Shaft;Stainless steel;2;43;439
720;27.09.2021;04.10.2021;CL9345;Shaft;Stainless steel;8;42;228
721;27.09.2021;02.10.2021;CL6037;Shaft;Stainless steel;10;40;440
722;27.09.2021;29.09.2021;CL7433;Bushing;Tool steel;10;23;166
723;28.09.2021;04.10.2021;CL7191;Bushing;Tool steel;6;50;124
724;28.09.2021;29.09.2021;CL6876;Axle;Tool steel;1;17;310
725;28.09.2021;03.10.2021;CL3292;Shaft;Tool steel;3;22;300
726;29.09.2021;30.09.2021;CL8005;Shaft;Tool steel;3;20;338
727;29.09.2021;03.10.2021;CL8267;Axle;Stainless steel;5;10;535
728;29.09.2021;03.10.2021;CL7772;Axle;Stainless steel;4;18;538
729;29.09.2021;05.10.2021;CL9411;Axle;Tool steel;3;12;291
730;29.09.2021;03.10.2021;CL5781;Shaft;Stainless steel;6;30;349
731;30.09.2021;02.10.2021;CL5806;Bushing;Bronze;7;28;112
732;30.09.2021;04.10.2021;CL9411;Axle;Stainless steel;4;21;552
733;01.10.2021;03.10.2021;CL5241;Bushing;Bronze;2;29;182
734;01.10.2021;02.10.2021;CL3718;Bushing;Bronze;6;49;105
735;01.10.2021;03.10.2021;CL1357;Axle;Tool steel;1;11;265
736;02.10.2021;09.10.2021;CL2300;Axle;Tool steel;6;10;562
737;02.10.2021;05.10.2021;CL7656;Axle;Tool steel;3;16;507
738;02.10.2021;08.10.2021;CL9411;Shaft;Tool steel;7;47;324
739;02.10.2021;06.10.2021;CL3822;Axle;Stainless steel;1;14;391
740;03.10.2021;06.10.2021;CL1141;Axle;Tool steel;2;25;543
741;03.10.2021;05.10.2021;CL7003;Bushing;Tool steel;7;30;135
742;04.10.2021;09.10.2021;CL8104;Axle;Stainless steel;1;19;264
743;05.10.2021;07.10.2021;CL9623;Bushing;Bronze;3;37;181
744;05.10.2021;07.10.2021;CL1334;Axle;Tool steel;6;26;315
745;05.10.2021;09.10.2021;CL9692;Shaft;Stainless steel;8;34;356
746;06.10.2021;08.10.2021;CL9915;Axle;Tool steel;10;30;467
747;07.10.2021;08.10.2021;CL9915;Bushing;Tool steel;2;46;147
748;07.10.2021;14.10.2021;CL3292;Bushing;Tool steel;9;53;123
749;07.10.2021;14.10.2021;CL6433;Shaft;Stainless steel;5;46;399
750;07.10.2021;14.10.2021;CL5974;Bushing;Bronze;1;22;129
751;08.10.2021;12.10.2021;CL9761;Axle;Stainless steel;4;12;577
752;08.10.2021;11.10.2021;CL9345;Shaft;Tool steel;3;58;326
753;08.10.2021;12.10.2021;CL4431;Axle;Stainless steel;6;20;516
754;09.10.2021;16.10.2021;CL7922;Axle;Stainless steel;5;14;264
755;09.10.2021;16.10.2021;CL1839;Axle;Stainless steel;5;18;447
756;09.10.2021;13.10.2021;CL4983;Axle;Stainless steel;4;18;285
757;09.10.2021;15.10.2021;CL1607;Axle;Stainless steel;4;10;501
758;10.10.2021;16.10.2021;CL8215;Bushing;Bronze;8;20;157
759;11.10.2021;13.10.2021;CL7676;Bushing;Stainless steel;10;30;198
760;11.10.2021;17.10.2021;CL1607;Axle;Stainless steel;3;12;359
761;11.10.2021;15.10.2021;CL6037;Shaft;Tool steel;5;16;371
762;11.10.2021;18.10.2021;CL5806;Shaft;Tool steel;9;28;548
763;11.10.2021;16.10.2021;CL1839;Shaft;Stainless steel;5;48;514
764;11.10.2021;12.10.2021;CL3891;Axle;Stainless steel;9;27;485
765;11.10.2021;16.10.2021;CL7569;Shaft;Tool steel;6;45;225
766;11.10.2021;17.10.2021;CL3891;Bushing;Tool steel;1;53;194
767;11.10.2021;16.10.2021;CL4107;Axle;Stainless steel;10;16;359
768;12.10.2021;18.10.2021;CL5761;Shaft;Tool steel;10;19;289
769;12.10.2021;14.10.2021;CL5575;Shaft;Tool steel;2;54;507
770;13.10.2021;18.10.2021;CL9584;Shaft;Tool steel;5;15;416
771;13.10.2021;14.10.2021;CL5313;Axle;Stainless steel;7;21;554
772;13.10.2021;17.10.2021;CL9692;Shaft;Stainless steel;4;35;546
773;13.10.2021;16.10.2021;CL5974;Bushing;Tool steel;1;28;105
774;14.10.2021;21.10.2021;CL3605;Shaft;Tool steel;9;40;462
775;15.10.2021;21.10.2021;CL4983;Axle;Tool steel;10;22;536
776;15.10.2021;18.10.2021;CL5155;Axle;Stainless steel;7;14;238
777;17.10.2021;19.10.2021;CL5098;Shaft;Tool steel;7;32;525
778;17.10.2021;24.10.2021;CL3793;Shaft;Tool steel;6;43;417
779;18.10.2021;19.10.2021;CL5575;Axle;Tool steel;3;14;205
780;18.10.2021;22.10.2021;CL7656;Axle;Stainless steel;9;27;381
781;18.10.2021;25.10.2021;CL5313;Bushing;Stainless steel;10;35;110
782;18.10.2021;21.10.2021;CL1141;Axle;Tool steel;10;13;565
783;19.10.2021;25.10.2021;CL8005;Axle;Stainless steel;1;22;371
784;19.10.2021;23.10.2021;CL5155;Shaft;Stainless steel;9;52;384
785;19.10.2021;25.10.2021;CL5974;Shaft;Stainless steel;6;58;482
786;21.10.2021;22.10.2021;CL8215;Bushing;Tool steel;1;41;119
787;21.10.2021;23.10.2021;CL3292;Axle;Tool steel;8;16;511
788;22.10.2021;23.10.2021;CL5974;Axle;Stainless steel;5;11;346
789;22.10.2021;29.10.2021;CL5575;Axle;Tool steel;9;23;298
790;23.10.2021;25.10.2021;CL1607;Shaft;Tool steel;9;51;511
791;23.10.2021;26.10.2021;CL8215;Shaft;Stainless steel;2;52;444
792;23.10.2021;28.10.2021;CL7772;Axle;Stainless steel;7;15;555
793;23.10.2021;25.10.2021;CL2879;Shaft;Tool steel;3;33;488
794;24.10.2021;26.10.2021;CL7433;Bushing;Tool steel;3;21;159
795;24.10.2021;31.10.2021;CL3605;Bushing;Stainless steel;2;38;188
796;25.10.2021;01.11.2021;CL3292;Axle;Stainless steel;9;27;373
797;25.10.2021;26.10.2021;CL3718;Shaft;Stainless steel;6;27;336
798;25.10.2021;29.10.2021;CL1141;Axle;Stainless steel;8;26;355
799;26.10.2021;02.11.2021;CL5575;Bushing;Tool steel;3;53;200
800;26.10.2021;02.11.2021;CL6433;Shaft;Tool steel;4;28;496
801;27.10.2021;02.11.2021;CL7530;Bushing;Tool steel;7;46;150
802;27.10.2021;30.10.2021;CL8104;Axle;Stainless steel;5;18;303
803;28.10.2021;31.10.2021;CL9517;Axle;Stainless steel;10;16;514
804;28.10.2021;30.10.2021;CL9761;Shaft;Stainless steel;5;50;365
805;28.10.2021;31.10.2021;CL5042;Axle;Tool steel;6;11;569
806;28.10.2021;03.11.2021;CL5313;Shaft;Stainless steel;9;28;365
807;28.10.2021;31.10.2021;CL8104;Shaft;Tool steel;7;26;322
808;29.10.2021;01.11.2021;CL7191;Axle;Stainless steel;8;21;231
809;29.10.2021;03.11.2021;CL5575;Bushing;Tool steel;7;27;170
810;29.10.2021;01.11.2021;CL3822;Bushing;Stainless steel;1;46;180
811;30.10.2021;01.11.2021;CL4431;Shaft;Stainless steel;1;24;456
812;30.10.2021;05.11.2021;CL1141;Axle;Stainless steel;4;11;201
813;30.10.2021;01.11.2021;CL5781;Bushing;Tool steel;3;20;176
814;30.10.2021;01.11.2021;CL7433;Shaft;Stainless steel;3;25;284
815;31.10.2021;05.11.2021;CL7922;Shaft;Tool steel;5;31;511
816;31.10.2021;03.11.2021;CL9345;Bushing;Bronze;1;47;154
817;01.11.2021;03.11.2021;CL8267;Axle;Tool steel;9;14;503
818;01.11.2021;05.11.2021;CL3605;Bushing;Bronze;3;27;141
819;02.11.2021;07.11.2021;CL7003;Shaft;Stainless steel;5;27;439
820;02.11.2021;09.11.2021;CL7656;Axle;Tool steel;9;12;203
821;02.11.2021;03.11.2021;CL6433;Bushing;Stainless steel;6;20;197
822;03.11.2021;09.11.2021;CL3605;Shaft;Stainless steel;2;26;447
823;03.11.2021;08.11.2021;CL9584;Axle;Tool steel;9;14;475
824;04.11.2021;06.11.2021;CL7191;Bushing;Stainless steel;3;25;136
825;04.11.2021;11.11.2021;CL5806;Axle;Tool steel;4;26;478
826;04.11.2021;07.11.2021;CL1839;Shaft;Tool steel;4;58;361
827;04.11.2021;07.11.2021;CL9584;Shaft;Tool steel;9;25;413
828;04.11.2021;10.11.2021;CL1357;Axle;Stainless steel;9;13;384
829;05.11.2021;07.11.2021;CL7453;Axle;Stainless steel;3;15;333
830;05.11.2021;12.11.2021;CL7569;Bushing;Tool steel;1;53;123
831;06.11.2021;07.11.2021;CL5155;Bushing;Bronze;9;47;117
832;06.11.2021;11.11.2021;CL1357;Axle;Stainless steel;1;14;445
833;06.11.2021;08.11.2021;CL3891;Shaft;Tool steel;8;51;342
834;06.11.2021;12.11.2021;CL7656;Shaft;Tool steel;9;38;385
835;06.11.2021;08.11.2021;CL8104;Shaft;Tool steel;5;40;358
836;06.11.2021;12.11.2021;CL9692;Axle;Tool steel;9;27;534
837;07.11.2021;11.11.2021;CL6037;Axle;Stainless steel;8;15;424
838;07.11.2021;12.11.2021;CL1607;Shaft;Stainless steel;10;33;237
839;07.11.2021;10.11.2021;CL6037;Axle;Stainless steel;1;24;514
840;07.11.2021;12.11.2021;CL1357;Axle;Tool steel;4;24;469
841;08.11.2021;15.11.2021;CL6037;Axle;Tool steel;6;24;537
842;08.11.2021;12.11.2021;CL7772;Bushing;Tool steel;6;24;110
843;08.11.2021;15.11.2021;CL5806;Axle;Stainless steel;4;16;457
844;08.11.2021;15.11.2021;CL4961;Shaft;Stainless steel;5;34;234
845;08.11.2021;10.11.2021;CL7003;Bushing;Stainless steel;10;37;162
846;09.11.2021;13.11.2021;CL4983;Shaft;Tool steel;4;50;300
847;09.11.2021;11.11.2021;CL9761;Bushing;Tool steel;4;40;149
848;09.11.2021;10.11.2021;CL1357;Shaft;Tool steel;4;33;211
849;10.11.2021;16.11.2021;CL7433;Shaft;Stainless steel;9;16;369
850;10.11.2021;15.11.2021;CL5042;Bushing;Tool steel;4;51;190
851;11.11.2021;16.11.2021;CL9584;Bushing;Tool steel;1;29;193
852;11.11.2021;17.11.2021;CL7530;Bushing;Bronze;7;20;177
853;12.11.2021;16.11.2021;CL8215;Axle;Stainless steel;7;27;484
854;12.11.2021;19.11.2021;CL7440;Axle;Tool steel;9;22;326
855;13.11.2021;17.11.2021;CL3707;Shaft;Stainless steel;5;30;483
856;13.11.2021;19.11.2021;CL7433;Bushing;Tool steel;6;20;186
857;14.11.2021;15.11.2021;CL1607;Shaft;Stainless steel;2;23;489
858;15.11.2021;18.11.2021;CL4983;Bushing;Stainless steel;9;36;128
859;15.11.2021;22.11.2021;CL2300;Bushing;Bronze;1;52;185
860;15.11.2021;19.11.2021;CL8104;Bushing;Stainless steel;5;30;117
861;15.11.2021;19.11.2021;CL1357;Axle;Stainless steel;9;25;209
862;15.11.2021;18.11.2021;CL1839;Shaft;Stainless steel;10;57;551
863;16.11.2021;18.11.2021;CL7772;Axle;Stainless steel;3;10;347
864;16.11.2021;22.11.2021;CL7656;Axle;Tool steel;8;28;281
865;16.11.2021;22.11.2021;CL8104;Shaft;Stainless steel;4;31;337
866;17.11.2021;23.11.2021;CL7569;Bushing;Bronze;2;24;112
867;17.11.2021;21.11.2021;CL3718;Bushing;Stainless steel;7;29;115
868;17.11.2021;21.11.2021;CL7772;Shaft;Stainless steel;4;25;246
869;17.11.2021;18.11.2021;CL9623;Shaft;Tool steel;2;36;474
870;18.11.2021;22.11.2021;CL3718;Shaft;Stainless steel;3;33;345
871;18.11.2021;21.11.2021;CL6433;Axle;Stainless steel;5;22;321
872;18.11.2021;19.11.2021;CL3718;Shaft;Tool steel;2;25;332
873;18.11.2021;23.11.2021;CL8215;Shaft;Tool steel;8;17;552
874;18.11.2021;19.11.2021;CL5155;Shaft;Tool steel;6;16;509
875;18.11.2021;21.11.2021;CL4107;Axle;Stainless steel;7;30;564
876;19.11.2021;20.11.2021;CL7772;Bushing;Tool steel;5;20;176
877;19.11.2021;25.11.2021;CL4961;Axle;Stainless steel;2;18;349
878;20.11.2021;22.11.2021;CL9915;Axle;Tool steel;5;30;374
879;20.11.2021;25.11.2021;CL4961;Shaft;Stainless steel;7;31;463
880;20.11.2021;27.11.2021;CL5974;Shaft;Stainless steel;8;55;202
881;20.11.2021;24.11.2021;CL3822;Shaft;Stainless steel;10;48;295
882;20.11.2021;22.11.2021;CL7772;Shaft;Stainless steel;10;25;238
883;21.11.2021;27.11.2021;CL7656;Axle;Tool steel;3;29;363
884;21.11.2021;28.11.2021;CL3793;Shaft;Stainless steel;9;17;245
885;21.11.2021;24.11.2021;CL9411;Shaft;Stainless steel;6;45;315
886;21.11.2021;25.11.2021;CL3891;Bushing;Tool steel;2;47;184
887;22.11.2021;28.11.2021;CL9584;Axle;Stainless steel;10;25;268
888;22.11.2021;25.11.2021;CL8104;Shaft;Stainless steel;8;58;329
889;22.11.2021;25.11.2021;CL6037;Shaft;Stainless steel;6;36;311
890;23.11.2021;25.11.2021;CL7530;Shaft;Stainless steel;1;53;385
891;23.11.2021;24.11.2021;CL9345;Bushing;Stainless steel;1;32;138
892;23.11.2021;26.11.2021;CL1839;Axle;Tool steel;10;15;240
893;23.11.2021;26.11.2021;CL7772;Bushing;Stainless steel;2;33;101
894;24.11.2021;25.11.2021;CL2300;Shaft;Stainless steel;2;53;509
895;24.11.2021;30.11.2021;CL5241;Bushing;Bronze;1;27;127
896;24.11.2021;27.11.2021;CL6433;Bushing;Stainless steel;10;26;200
897;25.11.2021;02.12.2021;CL3292;Axle;Tool steel;10;25;298
898;25.11.2021;27.11.2021;CL8267;Shaft;Tool steel;6;37;403
899;26.11.2021;29.11.2021;CL3292;Bushing;Bronze;3;30;128
900;26.11.2021;28.11.2021;CL3292;Axle;Tool steel;1;21;312
901;26.11.2021;01.12.2021;CL9623;Axle;Stainless steel;9;15;349
902;26.11.2021;29.11.2021;CL1334;Shaft;Tool steel;2;54;364
903;26.11.2021;02.12.2021;CL1334;Bushing;Stainless steel;4;32;154
904;27.11.2021;30.11.2021;CL3292;Bushing;Bronze;8;25;172
905;28.11.2021;05.12.2021;CL7676;Bushing;Tool steel;3;46;101
906;28.11.2021;03.12.2021;CL4107;Axle;Tool steel;9;18;290
907;28.11.2021;02.12.2021;CL6433;Bushing;Tool steel;5;30;107
908;28.11.2021;04.12.2021;CL9411;Axle;Tool steel;7;26;511
909;29.11.2021;06.12.2021;CL6424;Bushing;Bronze;5;44;171
910;29.11.2021;30.11.2021;CL5974;Bushing;Tool steel;6;32;199
911;29.11.2021;02.12.2021;CL1141;Bushing;Bronze;4;35;111
912;29.11.2021;05.12.2021;CL3822;Bushing;Tool steel;5;44;110
913;29.11.2021;01.12.2021;CL1334;Bushing;Tool steel;4;32;190
914;01.12.2021;03.12.2021;CL5575;Axle;Tool steel;3;27;236
915;01.12.2021;04.12.2021;CL3707;Bushing;Tool steel;9;29;154
916;01.12.2021;08.12.2021;CL7433;Axle;Stainless steel;1;24;579
917;01.12.2021;02.12.2021;CL2300;Bushing;Bronze;10;24;199
918;02.12.2021;05.12.2021;CL9761;Bushing;Tool steel;7;53;176
919;03.12.2021;10.12.2021;CL7656;Axle;Stainless steel;9;22;571
920;03.12.2021;05.12.2021;CL6433;Axle;Tool steel;10;20;367
921;04.12.2021;09.12.2021;CL3822;Bushing;Bronze;9;54;184
922;04.12.2021;05.12.2021;CL7772;Axle;Stainless steel;9;30;549
923;05.12.2021;07.12.2021;CL7530;Bushing;Bronze;6;55;186
924;05.12.2021;12.12.2021;CL3822;Axle;Stainless steel;1;28;537
925;06.12.2021;07.12.2021;CL5241;Axle;Stainless steel;2;19;239
926;06.12.2021;10.12.2021;CL9411;Bushing;Bronze;10;47;199
927;06.12.2021;07.12.2021;CL7433;Axle;Stainless steel;8;28;207
928;07.12.2021;13.12.2021;CL1607;Shaft;Stainless steel;1;16;272
929;08.12.2021;10.12.2021;CL1839;Axle;Tool steel;2;18;207
930;08.12.2021;10.12.2021;CL7530;Bushing;Bronze;5;51;183
931;08.12.2021;13.12.2021;CL3292;Shaft;Tool steel;9;19;354
932;09.12.2021;14.12.2021;CL8215;Axle;Tool steel;7;22;319
933;09.12.2021;14.12.2021;CL8267;Axle;Tool steel;7;26;580
934;09.12.2021;12.12.2021;CL8005;Bushing;Stainless steel;2;26;135
935;09.12.2021;13.12.2021;CL5098;Axle;Stainless steel;10;22;454
936;09.12.2021;16.12.2021;CL7003;Bushing;Stainless steel;10;45;152
937;10.12.2021;15.12.2021;CL7191;Shaft;Tool steel;6;58;204
938;10.12.2021;17.12.2021;CL4107;Bushing;Bronze;2;51;190
939;10.12.2021;12.12.2021;CL1357;Axle;Tool steel;2;28;464
940;11.12.2021;15.12.2021;CL3793;Axle;Stainless steel;9;22;328
941;11.12.2021;12.12.2021;CL5761;Shaft;Tool steel;9;40;408
942;11.12.2021;15.12.2021;CL6424;Shaft;Tool steel;4;28;398
943;11.12.2021;14.12.2021;CL4961;Bushing;Stainless steel;9;44;192
944;12.12.2021;19.12.2021;CL5781;Axle;Tool steel;10;15;430
945;12.12.2021;18.12.2021;CL7569;Axle;Stainless steel;5;11;436
946;13.12.2021;15.12.2021;CL9411;Axle;Stainless steel;7;18;538
947;14.12.2021;16.12.2021;CL2879;Axle;Tool steel;9;28;563
948;14.12.2021;15.12.2021;CL5042;Bushing;Stainless steel;7;47;143
949;14.12.2021;16.12.2021;CL7453;Bushing;Tool steel;7;39;169
950;14.12.2021;20.12.2021;CL2300;Axle;Stainless steel;1;30;300
951;14.12.2021;15.12.2021;CL6876;Shaft;Tool steel;8;55;382
952;15.12.2021;17.12.2021;CL5313;Axle;Stainless steel;4;25;572
953;15.12.2021;21.12.2021;CL3605;Axle;Tool steel;4;13;534
954;15.12.2021;19.12.2021;CL5974;Shaft;Stainless steel;6;16;512
955;16.12.2021;23.12.2021;CL1141;Axle;Stainless steel;4;25;436
956;16.12.2021;18.12.2021;CL9411;Bushing;Bronze;10;29;183
957;17.12.2021;21.12.2021;CL3605;Bushing;Stainless steel;6;20;154
958;18.12.2021;19.12.2021;CL3292;Axle;Tool steel;10;26;385
959;18.12.2021;19.12.2021;CL3718;Bushing;Stainless steel;8;42;178
960;18.12.2021;19.12.2021;CL9517;Axle;Tool steel;3;16;396
961;18.12.2021;21.12.2021;CL7191;Shaft;Tool steel;10;54;553
962;18.12.2021;22.12.2021;CL7530;Shaft;Stainless steel;2;56;341
963;19.12.2021;20.12.2021;CL4431;Bushing;Bronze;8;37;174
964;19.12.2021;21.12.2021;CL5042;Bushing;Stainless steel;2;26;111
965;19.12.2021;23.12.2021;CL5974;Axle;Tool steel;6;29;333
966;20.12.2021;26.12.2021;CL7530;Axle;Tool steel;1;24;225
967;20.12.2021;21.12.2021;CL2879;Shaft;Stainless steel;7;40;461
968;20.12.2021;23.12.2021;CL8267;Shaft;Stainless steel;8;17;278
969;21.12.2021;22.12.2021;CL3292;Shaft;Stainless steel;1;35;393
970;21.12.2021;24.12.2021;CL9761;Shaft;Stainless steel;1;55;320
971;22.12.2021;26.12.2021;CL2300;Axle;Stainless steel;3;12;568
972;22.12.2021;25.12.2021;CL9623;Axle;Stainless steel;3;15;412
973;23.12.2021;25.12.2021;CL7440;Bushing;Bronze;1;20;183
974;23.12.2021;25.12.2021;CL1607;Shaft;Stainless steel;7;56;566
975;23.12.2021;24.12.2021;CL1607;Bushing;Stainless steel;3;29;145
976;24.12.2021;27.12.2021;CL9411;Bushing;Stainless steel;7;44;157
977;24.12.2021;29.12.2021;CL5806;Axle;Tool steel;9;20;463
978;24.12.2021;28.12.2021;CL7656;Axle;Tool steel;3;11;265
979;24.12.2021;31.12.2021;CL9411;Axle;Stainless steel;8;12;512
980;24.12.2021;30.12.2021;CL3292;Bushing;Tool steel;8;34;174
981;25.12.2021;27.12.2021;CL6433;Axle;Tool steel;10;11;298
982;25.12.2021;31.12.2021;CL1357;Axle;Tool steel;6;19;442
983;25.12.2021;26.12.2021;CL9623;Bushing;Stainless steel;10;46;143
984;26.12.2021;30.12.2021;CL7676;Bushing;Stainless steel;5;35;188
985;26.12.2021;28.12.2021;CL4961;Shaft;Stainless steel;9;41;277
986;27.12.2021;01.01.2022;CL7003;Axle;Tool steel;4;10;360
987;27.12.2021;03.01.2022;CL5781;Axle;Tool steel;8;19;308
988;27.12.2021;28.12.2021;CL7772;Shaft;Tool steel;5;29;535
989;27.12.2021;29.12.2021;CL1357;Bushing;Stainless steel;4;27;121
990;27.12.2021;03.01.2022;CL5575;Shaft;Tool steel;9;46;221
991;28.12.2021;02.01.2022;CL5781;Bushing;Bronze;5;38;143
992;28.12.2021;03.01.2022;CL9761;Bushing;Stainless steel;1;39;156
993;28.12.2021;03.01.2022;CL5098;Bushing;Stainless steel;5;43;199
994;28.12.2021;04.01.2022;CL8104;Axle;Tool steel;3;21;391
995;29.12.2021;31.12.2021;CL1334;Shaft;Stainless steel;1;44;462
996;30.12.2021;04.01.2022;CL4983;Shaft;Stainless steel;7;58;433
997;30.12.2021;04.01.2022;CL2300;Axle;Tool steel;5;10;330
998;30.12.2021;02.01.2022;CL6876;Bushing;Tool steel;10;49;180
999;30.12.2021;05.01.2022;CL7922;Axle;Tool steel;3;16;230
1000;30.12.2021;06.01.2022;CL7191;Bushing;Stainless steel;2;23;127
